Experiment,Pre_train_time,Best_val_loss
A,20.3,0.8739581812511791
B,17.74,0.04249939644201235
C,193.52,0.644878970252143
