Experiment,Adap_time,Adap_loss
C,0.89,17.705149173736576
B,0.88,2.6825112104415894
A,0.9,6.301957547664642
A,0.98,6.234686493873596
B,0.98,2.12248569726944
C,1.06,15.07147979736328
A,172.26,1.0304517973769032
