Experiment,Pre_train_time,Best_val_loss
A,21.61,0.8215023604306307
B,14.82,0.10615297339179297
C,151.21,0.7816996044582791
